{"val_loss": 83239072.0, "epoch": 0, "trainer/global_step": 2, "_timestamp": 1707324254.0344226, "_runtime": 20.15193772315979, "_step": 0}