{"train_loss": 2.5401241779327393, "epoch": 4, "trainer/global_step": 349, "_timestamp": 1707306580.5306764, "_runtime": 356.53076338768005, "_step": 10, "val_loss": 273939008.0}