{"val_loss": 456378528.0, "epoch": 10, "trainer/global_step": 109, "_timestamp": 1707314527.8918273, "_runtime": 182.40574526786804, "_step": 12, "train_loss": 1.9814192056655884}