{"train_loss": 2.078209161758423, "epoch": 4, "trainer/global_step": 49, "_timestamp": 1707314262.1834517, "_runtime": 54.2345507144928, "_step": 0}