{"val_loss": 456378528.0, "epoch": 49, "trainer/global_step": 499, "_timestamp": 1707316712.0195446, "_runtime": 733.5803456306458, "_step": 99, "train_loss": 0.47481921315193176, "_wandb": {"runtime": 735}}