{"train_loss": 0.2712611258029938, "epoch": 0, "trainer/global_step": 199, "_timestamp": 1707306209.8077304, "_runtime": 35.72508144378662, "_step": 3}