{"val_loss": 83239072.0, "epoch": 0, "trainer/global_step": 2, "_timestamp": 1707323857.4280305, "_runtime": 23.21036148071289, "_step": 0, "_wandb": {"runtime": 161}}