{"train_loss": 0.43158289790153503, "epoch": 1, "trainer/global_step": 1799, "_timestamp": 1707302749.366291, "_runtime": 428.30909609794617, "_step": 35}