{"val_loss": 189899280.0, "epoch": 3, "trainer/global_step": 19, "_timestamp": 1707313730.528731, "_runtime": 36.58200716972351, "_step": 3}