{"val_loss": 665486656.0, "epoch": 17, "trainer/global_step": 179, "_timestamp": 1707303194.4163446, "_runtime": 103.84651160240173, "_step": 20, "train_loss": 4.180431842803955}