{"train_loss": 0.5793091654777527, "epoch": 49, "trainer/global_step": 49, "_timestamp": 1707314066.124465, "_runtime": 110.6961760520935, "_step": 0, "_wandb": {"runtime": 111}}