{"val_loss": 83239072.0, "epoch": 0, "trainer/global_step": 2, "_timestamp": 1707323281.2880392, "_runtime": 56.885491132736206, "_step": 0, "_wandb": {"runtime": 19}}