{"train_loss": 0.28423255681991577, "epoch": 0, "trainer/global_step": 49, "_timestamp": 1707307623.68055, "_runtime": 33.29934000968933, "_step": 0, "_wandb": {"runtime": 82}}