{"val_loss": 83239072.0, "epoch": 0, "trainer/global_step": 2, "_timestamp": 1707324103.1854882, "_runtime": 25.1024112701416, "_step": 0}