{"val_loss": 11407513.0, "epoch": 0, "trainer/global_step": 0, "_timestamp": 1707324417.6439452, "_runtime": 22.727294206619263, "_step": 0}