{"val_loss": 456378528.0, "epoch": 49, "trainer/global_step": 499, "_timestamp": 1707315167.5329487, "_runtime": 626.1851077079773, "_step": 99, "train_loss": 0.6131383776664734, "_wandb": {"runtime": 625}}